{
  "2026-03-13": {
    "ChatGPT": 63.8,
    "Claude": 60.4,
    "Gemini": 62.300000000000004,
    "DeepSeek": 51.8,
    "undefined": 86.92,
    "Grok": 42.300000000000004,
    "Llama": 45.4,
    "Mistral AI": 56.6,
    "Character.AI": 51.2,
    "Poe": 50.300000000000004,
    "Midjourney": 53.8,
    "Stable Diffusion": 57.400000000000006,
    "DALL-E 3": 67.9,
    "Adobe Firefly": 46.900000000000006,
    "Leonardo AI": 48,
    "Ideogram": 47.5,
    "Flux": 44.3,
    "Krea AI": 44.699999999999996,
    "GitHub Copilot": 85.9,
    "Cursor": 42.599999999999994,
    "Bolt.new": 45.599999999999994,
    "Windsurf": 44.2,
    "v0": 43.8,
    "Replit AI": 52.800000000000004,
    "Tabnine": 45.5,
    "Sora": 46.4,
    "Runway ML": 53.4,
    "Kling AI": 44.5,
    "Pika Labs": 48.6,
    "HeyGen": 47.199999999999996,
    "Luma AI": 47.300000000000004,
    "Synthesia": 51.3,
    "Suno AI": 50.099999999999994,
    "ElevenLabs": 58.3,
    "Udio": 44.6,
    "Descript": 49.800000000000004,
    "Perplexity AI": 59.699999999999996,
    "You.com": 50.9,
    "Elicit": 43.8,
    "Microsoft Copilot": 56.5,
    "Notion AI": 65,
    "Gamma": 49,
    "Otter.ai": 53.4,
    "Fireflies.ai": 44.3,
    "Beautiful.ai": 44.800000000000004,
    "Make": 54.699999999999996,
    "Zapier AI": 62.300000000000004,
    "n8n": 51.3,
    "Canva AI": 69.7,
    "Figma AI": 64.7,
    "Uizard": 44.5,
    "Le Chat": 46.900000000000006,
    "Qwen": 44.699999999999996,
    "Command R+": 50.4,
    "HyperCLOVA X": 39.900000000000006,
    "Kimi": 44.5,
    "Phi-4": 61.8,
    "Amazon Nova": 40.300000000000004,
    "Playground AI": 43.2,
    "SeaArt AI": 42.800000000000004,
    "NightCafe": 43.3,
    "Tensor.Art": 40.5,
    "Civitai": 47.9,
    "Bing Image Creator": 72.5,
    "Amazon Q Developer": 69.9,
    "Lovable": 48.9,
    "Cody": 46,
    "Devin": 42.5,
    "Aider": 42.699999999999996,
    "CapCut AI": 48.4,
    "InVideo AI": 52.5,
    "Hailuo AI": 41.5,
    "Pictory": 48.099999999999994,
    "Veed.io AI": 50.7,
    "AIVA": 42.699999999999996,
    "Soundraw": 44.6,
    "Mubert": 44.5,
    "Adobe Podcast AI": 45.099999999999994,
    "Lalal.ai": 44.3,
    "Phind": 42.300000000000004,
    "Consensus": 47.400000000000006,
    "Kagi": 52,
    "Exa": 43.8,
    "Jasper": 50.7,
    "Copy.ai": 51.5,
    "Grammarly": 58.7,
    "Writesonic": 53.9,
    "Tome": 41.6,
    "Taskade": 49.699999999999996,
    "Mem AI": 41.7,
    "Reclaim.ai": 42.800000000000004,
    "Rytr": 47.400000000000006,
    "Wordtune": 47.199999999999996,
    "Framer AI": 50.300000000000004,
    "Looka": 48.7,
    "Khroma": 39.7,
    "Relume": 43.9,
    "Remove.bg": 52.1,
    "Cleanup.pictures": 42.800000000000004,
    "Spline AI": 44.5,
    "Visily": 35.3,
    "Replika": 42,
    "Pi AI": 50.8,
    "Meta AI": 46.6,
    "Talkie AI": 44.800000000000004,
    "Kindroid": 30.9,
    "Chai AI": 30.4,
    "Anima AI": 36.800000000000004,
    "Hume AI": 42.800000000000004,
    "Lensa AI": 48.9,
    "Photoroom": 48.6,
    "Remini": 44.400000000000006,
    "Facetune": 46,
    "Prisma": 48.9,
    "Pixelcut": 43.9,
    "Wombo Dream": 44.1,
    "Starryai": 48.099999999999994,
    "Meitu": 36.800000000000004,
    "PicsArt AI": 55.599999999999994,
    "Reface": 43.7,
    "FaceApp": 45.599999999999994,
    "Photoleap": 47.199999999999996,
    "Deep Nostalgia": 51.6,
    "Captions": 47.199999999999996,
    "D-ID": 46.6,
    "Filmora AI": 48.2,
    "Pixverse": 37.2,
    "Haiper": 38.9,
    "Voicemod": 45,
    "Resemble AI": 43.3,
    "Play.ht": 48.2,
    "Podcastle": 46.4,
    "Boomy": 40.9,
    "Speechify": 50,
    "Motion": 48.099999999999994,
    "Krisp": 45.8,
    "Superhuman": 48.3,
    "Lindy AI": 43,
    "Duolingo Max": 55.4,
    "Elsa Speak": 46,
    "Speak": 45.199999999999996,
    "QuillBot": 54,
    "Photomath": 47.1,
    "Socratic": 47.5,
    "Liner": 42.1,
    "Google Lens": 48.5,
    "Microsoft Designer": 51.900000000000006,
    "Adobe Express": 73.2,
    "Fotor AI": 50.4,
    "Woebot": 45.8,
    "Kuki AI": 35.3,
    "JetBrains AI": 63.9,
    "Continue.dev": 42.699999999999996,
    "Zed": 45.8,
    "Cline": 85.9,
    "WRTN": 46.1,
    "Gemma": 57.1,
    "EXAONE": 40.199999999999996,
    "Solar": 35.699999999999996,
    "InternLM": 30.099999999999998,
    "SciSpace": 47.1,
    "Semantic Scholar": 54.3,
    "Research Rabbit": 42.300000000000004,
    "Imagen 3": 55.300000000000004,
    "Recraft AI": 48.5,
    "Flair AI": 42.300000000000004,
    "Clipdrop": 49.5,
    "Magnific AI": 35,
    "InvokeAI": 33,
    "Veo 2": 55.300000000000004,
    "Wan AI": 26.9,
    "Opus Clip": 48.9,
    "Veed.io": 50.7,
    "Kapwing": 45.9,
    "Murf AI": 48.6,
    "Adobe Podcast": 45.099999999999994,
    "Coda AI": 53.8,
    "ClickUp AI": 57.300000000000004,
    "Tana": 42.199999999999996,
    "Reflect": 45.199999999999996,
    "Clova Note": 24.8,
    "Napkin AI": 44.800000000000004,
    "Granola": 39.4,
    "Kittl": 45.599999999999994,
    "Topaz Photo AI": 43.8,
    "Upscayl": 43.7,
    "Pixlr AI": 55.199999999999996,
    "AutoGPT": 44.3,
    "Dify": 43.099999999999994,
    "Flowise": 41.8,
    "Ollama": 46.6,
    "LM Studio": 43.8,
    "Open WebUI": 42.800000000000004,
    "Groq": 48.099999999999994,
    "Together AI": 45.7,
    "OpenRouter": 50,
    "Cohere": 50.4,
    "AnythingLLM": 41.4,
    "GPT4All": 42.199999999999996,
    "Jan.ai": 47.199999999999996,
    "Blackbox AI": 39.6,
    "CrewAI": 43.3,
    "AutoGen": 53,
    "LangChain": 47.599999999999994,
    "LlamaIndex": 44.2,
    "NotebookLM": 48.099999999999994,
    "Artbreeder": 47.5,
    "Freepik AI": 62.5,
    "NovelAI": 36.5,
    "Sudowrite": 39.4,
    "Lex": 36,
    "Viggle": 37.8,
    "Hedra": 41,
    "Stable Video": 57.400000000000006,
    "Deepgram": 47.400000000000006,
    "AssemblyAI": 46.900000000000006,
    "Speechmatics": 43.6,
    "Retell AI": 42,
    "Bland AI": 39.7,
    "Voiceflow": 44.3,
    "Botpress": 45.7,
    "Coze": 35.5,
    "Notta": 45.4,
    "tl;dv": 39.1,
    "Fathom": 40.4,
    "Avoma": 39,
    "Glean": 43.2,
    "Devv.ai": 32.1,
    "Pinecone": 49.1,
    "Chroma": 43.8,
    "Copilot Studio": 38.1,
    "Adobe GenStudio": 55.199999999999996,
    "Height AI": 37.8,
    "Intercom Fin": 55.099999999999994,
    "Tidio Lyro": 55.199999999999996,
    "Manus AI": 44,
    "Lobe Chat": 41.1,
    "Wordware": 41.3,
    "Zoom AI": 68,
    "Slack AI": 66.6
  }
}